{
  "Recall@1": 0.28,
  "Recall@3": 0.5,
  "Recall@5": 0.58,
  "MRR": 0.39516666666666667,
  "NDCG@1": 0.28,
  "NDCG@3": 0.40833016550000406,
  "NDCG@5": 0.44146957762071
}